Обозначение;Компонент;Модель / номинал;Кол-во;Примечание;Ссылка
U1;Плата микроконтроллера;ESP32-S3-DevKitC-1 N16R8 (16 МБ Flash, 8 МБ PSRAM);1;Мозг колонки;https://www.ozon.ru/product/otladochnaya-plata-esp32-s3-devkitc-1-n16r8-wi-fi-bluetooth-usb-c-dlya-arduino-esp-idf-micropython-3538005705
U2;Дисплей с тачскрином;TFT 2,4″ или 2,8″ SPI 320×240 ILI9341 + XPT2046;1;Распиновка у 2,4″ и 2,8″ одинаковая;https://www.ozon.ru/product/2-8-dyuymovyy-spi-tft-lcd-modul-240x320-ili9341-s-sensornym-ekranom-1798292838
U3,U4;Микрофон;INMP441 (I2S, MEMS);2;Бери 3 — бывает брак;https://www.ozon.ru/product/modul-vsenapravlennogo-mikrofona-na-inmp441-mems-i2s-867467585
U5;ЦАП;PCM5102A (I2S);1;Перемычки на обороте: 1-L 2-L 3-H 4-L, SCK на GND;https://www.ozon.ru/product/dekoder-tsap-pcm5102a-pcm5102-modul-proigryvatelya-i2s-5565678563
U6;Усилитель D-класса;TPA3116D2 mini 2×50 Вт;1;Используется один канал (моно);https://www.ozon.ru/product/1-sht-tpa3116d2-mini-tsifrovoy-usilitel-dc12v-24v-d-klass-50w-50w-1886005692
LS1;Динамик;45 мм (1,75″) 4 Ом 10 Вт широкополосный;1;;https://www.ozon.ru/product/shirokopolosnyy-dinamik-45-mm-1-75-4-om-10-vt-5488209192
U7;Буфер уровней 3,3→5 В;SN74AHCT125N (DIP-14);1;Для данных WS2812B;https://www.ozon.ru/product/5sht-sn74ahct125n-74ahct125n-ic-dip14-ic-chip-elektronnye-komponenty-bom-1826820897
U8;Светодиодная матрица;WS2812B 8×8 (64 LED, 5 В);1;Яркость ограничена в прошивке (≈1 А);https://www.ozon.ru/product/svetodiodnaya-matritsa-4-5-vt-raznotsvetnyy-1-sht-4649780026
U9;Понижающий DC-DC;MP1584EN (3 А);1;Выставить 5,2 В ДО подключения нагрузки;https://www.ozon.ru/product/mini-dc-dc-ponizhayushchiy-preobrazovatel-3a-mp1584-1420402607
SW1,SW2;Тактовая кнопка;12×12 мм;2;SW1 — говорить, SW2 — агент;
J1;Гнездо питания;DC 5,5×2,1 мм с проводами;1;Сюда же подключается зарядное;https://www.ozon.ru/product/razem-pitaniya-razem-5-5x2-1mm-s-kabelem-30sm-5098130229
—;Зарядное устройство;12,6 В 1–2 А, CC/CV для Li-ion 3S, штекер 5,5×2,1 (центр +);1;Вместо блока 12 В 2 А: обычный блок 12 В не заряжает 3S;
BT1–BT3;Аккумулятор Li-ion;18650, 3000–3500 мА·ч, ток разряда ≥ 8–10 А (Samsung 35E/30Q, LG MJ1, Molicel P28A);3;Сборка 3S1P: 11,1 В ном., 12,6 В полный;
U10;Плата защиты BMS;3S 10–20 А с балансировкой, общий порт (P+ = B+);1;;
—;Держатель АКБ;3×18650 или готовая сборка с точечной сваркой;1;Не паять провода прямо к банкам;
S1;Выключатель;клавишный, ≥ 3 А;1;Разрывает нагрузку, зарядка идёт и при выключенном S1;
F1;Предохранитель;3 А (самовосстанавливающийся или стеклянный с держателем);1;;
D1;Диод Шоттки;SS34 или 1N5819;1;Развязка 5 В ESP32 и USB при прошивке;
R1;Резистор;100 кОм 0,25 Вт;1;Делитель напряжения АКБ;
R2;Резистор;22 кОм 0,25 Вт;1;Делитель напряжения АКБ;
R3;Резистор;330 Ом 0,25 Вт;1;В линии DIN матрицы;
C1;Конденсатор керамический;100 нФ;1;На входе АЦП (GPIO1);
C2;Конденсатор электролитический;1000 мкФ ≥ 10 В;1;У питания матрицы;
C3;Конденсатор керамический;100 нФ;1;Развязка питания 74AHCT125;
—;Панелька DIP-14;—;1;По желанию;
—;Монтаж;макетная плата, провода ≥ 0,5 мм² для силовых цепей, Dupont;—;;
—;Корпус;3D-печать (PETG);1;Позже;
